1.3255,0.49485,1.6594,2.2629,2.3435,0.57467,1.369,1.3855,1.6992,1.6292,0.41979,4.6826,3.25,3.5406,3.0753,1.0203
1.1572,1.1971,2.4543,3.7309,3.8109,0.61252,2.1752,1.4541,2.1699,2.2723,0.46943,4.6467,4.2024,6.2617,5.28,0.40718
1.2703,1.2037,3.4212,4.6371,4.4229,0.88051,2.3404,2.32,2.8024,2.868,0.43179,5.7563,5.2544,7.8819,6.839,0.43266
1.5546,1.0771,2.7559,4.4149,4.5913,0.79386,2.0703,1.6998,2.6577,2.6379,0.35516,5.6499,5.217,5.9487,4.9606,0.49358
1.6169,0.98801,2.3321,3.7122,3.1422,0.90546,2.2208,1.5422,2.2566,2.285,0.6181,4.9422,4.3408,5.1142,4.8771,0.53534
1.9607,0.95188,3.2654,5.0349,4.1602,0.72255,4.24,1.832,3.5222,3.525,0.78099,5.3624,4.6682,7.4805,6.2231,0.87024
1.8765,1.7915,3.0087,4.4919,3.7679,0.90685,2.6009,2.0824,2.8564,2.9382,0.74834,6.0074,5.6121,7.3572,6.0551,0.78344
1.866,1.1626,2.6629,3.9599,3.4121,0.90083,2.8082,2.0424,2.7504,2.8025,0.7827,4.6031,4.9353,6.1438,5.1273,0.71226
1.3286,0.64762,1.3246,2.1939,2.0977,0.84618,1.3051,1.5025,1.2958,1.3226,0.56172,4.4443,3.3507,2.6981,3.1122,0.50026
3.171,1.1402,4.4473,6.849,6.0706,1.1601,4.5467,1.5919,5.2166,5.3155,0.84355,6.6942,7.3923,8.1478,6.2384,1.1264
1.1228,0.70057,1.3865,2.2802,1.9756,0.70041,2.3032,1.7552,1.3757,1.3935,0.78781,3.7145,3.1028,2.6338,3.5978,0.6184
2.5925,0.92862,3.788,5.53,4.8892,1.1074,2.797,1.7094,4.2875,4.5024,0.39012,6.5204,6.5159,6.8793,6.0165,0.77373
1.7287,0.75449,2.5699,3.6154,3.2531,0.93458,2.2009,1.3294,2.8999,3.0162,0.45471,4.9085,4.8632,4.6786,4.4017,0.59785
1.8527,0.84744,3.0821,4.0871,3.4495,0.73054,2.9089,1.3548,3.1246,3.2271,0.58923,5.204,4.7718,4.8668,4.6832,0.57523
2.2953,0.97539,3.1088,4.6586,3.889,0.94523,3.0599,1.6358,3.6026,3.7981,0.67823,6.6626,4.9532,5.2452,5.2678,0.88567
1.6147,0.69899,2.3764,3.3627,2.791,0.79593,1.7318,1.5483,2.2414,2.3155,0.52637,5.4522,4.2216,3.3487,3.9596,0.5073
2.7583,0.72612,3.6919,5.703,4.7632,1.0647,3.133,1.5878,4.1086,4.3164,0.75201,6.3836,5.9729,6.3078,5.1144,0.69681
2.6873,1.2333,4.4651,6.7283,5.7306,1.2724,4.3829,2.3736,5.0238,5.2588,0.74102,7.7509,8.132,9.0318,6.897,0.73361
1.341,1.3103,2.4337,4.0509,3.0538,1.0918,1.5079,3.1568,1.6613,1.7546,0.4515,6.4888,5.1879,5.4092,5.9604,0.52878
2.4587,0.94507,3.9829,5.9953,5.1893,1.3383,3.7498,2.0304,4.078,4.3158,0.62232,6.3156,6.7895,7.2772,5.7187,0.62193
1.4802,1.3522,2.9257,4.2332,3.5211,1.0079,2.8362,2.2716,2.4934,2.5627,0.83119,5.2935,5.087,5.9003,6.2978,0.606
1.8893,0.7427,2.3528,3.5805,3.3838,0.74421,2.6418,1.3165,2.52,2.6488,0.46913,4.3831,4.1118,4.3183,4.1509,0.565
2.205,1.0164,3.1909,4.6342,4.0579,0.86292,3.8007,1.4428,3.3482,3.4884,1.0075,4.999,4.6531,5.2243,4.917,0.67658
2.6829,0.8022,4.7966,5.1078,3.5051,1.186,2.9085,1.1134,3.6691,3.6563,0.61711,5.6712,4.984,5.8169,3.2207,0.6643
3.181,0.82864,5.5142,6.2372,4.4332,1.1597,3.3231,1.0305,4.6525,4.3948,0.91858,6.3941,6.142,5.976,2.9931,0.70059
2.1012,0.82804,6.3799,6.9984,4.018,0.93553,4.08,1.032,4.8078,4.421,0.6523,5.4707,6.2449,8.1821,4.3209,0.66588
1.9147,1.3967,5.4431,6.6629,5.025,1.0337,4.5223,1.5293,5.1643,5.0396,1.2086,5.0524,6.4082,10.595,6.4914,0.51628
2.1083,1.153,5.5239,5.1694,3.1323,1.1264,2.695,1.3466,4.3426,3.9919,0.61522,6.1842,5.9016,6.6558,3.2077,0.67862
1.7413,0.74262,4.1597,3.3326,1.5913,0.7603,1.7,0.96399,2.1124,1.7608,0.78488,4.8901,2.9373,2.3919,1.2166,0.69739
1.0434,1.4,1.0492,1.5001,1.3971,1.2231,0.41054,1.6953,0.2009,0.15208,0.43056,1.3263,2.9254,3.8471,5.2363,0.52104
0.63037,1.2409,0.93888,1.1736,1.3233,1.7281,1.0815,1.6744,0.34989,0.19606,1.1326,1.8832,4.6297,3.6466,5.0377,0.68623
1.3473,1.6132,1.7613,2.2201,2.1909,1.6788,2.0804,2.609,0.65139,0.56896,1.1309,2.1888,5.7672,5.184,6.7475,0.67983
0.88435,1.3988,1.0758,1.696,1.4309,1.3063,0.95361,2.1933,0.40948,0.34915,0.76939,2.0042,4.4282,5.1179,7.5096,0.32804
1.0572,1.2469,1.7167,2.4473,2.1536,1.2699,1.1388,2.0013,0.80927,1.0823,0.72581,3.3715,8.3481,7.8803,7.197,0.5966
1.6689,1.3545,1.4963,2.0382,1.55,1.1086,1.7336,2.2134,0.62513,0.83301,0.44324,2.9401,5.6032,7.5529,7.3907,0.48785
1.169,1.2422,1.5193,1.9104,1.7799,1.0126,1.0555,1.842,0.82506,1.0546,0.66627,2.5639,5.9734,6.9459,7.5094,0.5196
0.69099,1.5596,1.862,2.3439,1.9112,1.0384,1.2546,2.4226,0.78794,0.98171,0.68277,3.1306,7.4698,8.8511,10.412,0.32025
1.8688,1.7216,2.5701,3.2473,2.8683,1.3986,1.9403,2.7415,1.2562,1.567,0.68231,3.2937,9.816,10.536,10.557,0.37467
1.2991,1.0266,1.9268,2.4549,2.0613,0.69793,2.071,2.2034,1.1067,1.3038,1.2145,2.0491,5.7534,7.8979,6.7749,0.37444
1.4459,1.9517,2.6078,3.0348,2.6307,1.6492,2.0154,2.5141,1.5545,1.6374,0.75125,3.1442,9.5401,11.559,9.2865,0.57226
2.0401,1.7695,2.3406,2.942,2.5985,2.0468,1.656,2.5112,1.4873,1.588,0.88932,3.8102,8.7863,9.2898,8.2014,0.69146
2.0053,1.7026,3.1735,3.8123,2.9561,1.656,3.2999,2.3939,2.185,2.2587,0.87648,3.5154,8.0977,9.3978,9.2722,0.67351
1.6426,1.6054,2.3805,2.8038,2.3852,1.7679,2.1322,2.6562,1.5434,1.6608,0.6816,3.4228,9.0725,10.506,10.481,0.48628
2.0251,1.2526,2.2379,2.7302,2.3513,1.198,1.6273,1.9835,1.5472,1.657,0.64304,2.8988,7.1076,7.8985,9.5231,0.56365
1.8426,1.3587,3.7593,4.6493,3.9702,1.7429,3.335,2.2521,2.8324,2.9693,1.2584,4.8609,11.304,10.618,9.1053,0.69847
1.0957,1.2574,2.204,2.784,2.4579,1.4194,1.7318,2.6368,1.3933,1.483,0.67466,3.5702,9.1957,9.8316,7.9195,0.45106
2.0162,2.3326,2.3841,2.7034,2.1951,1.3338,2.4652,2.3201,1.745,1.7165,1.2438,2.8996,6.9827,12.433,10.079,0.86946
0.96802,1.3579,1.8415,2.1947,1.7048,1.4098,1.7613,2.0575,1.38,1.4134,1.1985,2.5424,6.9132,8.5591,8.1956,0.21891
1.7143,1.4035,1.6433,2.0317,1.48,1.1801,2.1193,2.0644,1.3888,1.5496,1.4645,2.821,4.5074,5.7928,6.8588,0.62369
1.4498,1.6075,2.4262,2.9421,2.3296,1.0203,2.2613,2.3551,1.8261,1.8755,1.0507,3.1087,6.4649,10.649,9.6706,0.97307
1.5268,1.6967,3.3182,4.3065,3.2938,1.3541,2.3402,2.2809,2.6477,2.7934,1.0836,3.705,9.2893,10.624,10.931,0.75132
1.9682,1.6366,1.9354,2.3694,1.7968,1.3748,3.0131,2.4027,1.9578,2.0221,1.4444,3.7674,8.3066,10.675,11.828,1.5637
1.1359,2.0135,3.2178,4.0501,3.2094,1.7586,2.7363,2.9369,2.5564,2.6227,1.4562,3.3831,10.315,17.035,11.305,0.53988
1.2918,1.696,1.7894,2.5663,1.884,1.2993,1.2041,2.4303,1.1124,1.1797,1.0823,3.2424,7.8444,10.089,8.4967,0.9799
1.4545,1.2904,2.1378,3.0359,2.2152,1.401,2.04,2.6691,1.3838,1.5361,0.66965,3.7128,9.0986,9.766,8.7837,0.87287
1.1637,1.9,2.3165,2.869,2.3078,1.1084,1.859,3.1923,1.3173,1.3431,0.90985,2.3238,8.236,13.804,11.851,0.42697
1.3019,1.3286,2.228,2.8978,2.4812,1.024,1.4157,2.0333,1.6134,1.7481,0.95894,3.3227,8.8221,9.3478,7.6269,0.80206
1.2272,1.1928,1.4925,1.6568,1.439,0.53541,1.2697,1.3225,1.1987,1.262,0.9887,1.6871,4.6729,6.8989,6.9677,0.66571
1.3114,2.0735,2.8473,3.4439,2.8218,1.4024,2.1532,2.8098,1.9621,2.0581,1.8785,4.0669,10.959,13.796,8.8512,1.347
0.47521,0.79807,0.49929,1.2846,0.75487,0.65366,0.90942,1.4298,0.40324,0.35467,0.28725,2.1592,8.5848,2.4971,2.6082,0.30953
0.66907,0.91184,0.82986,1.61,1.1889,1.3349,0.88751,1.8893,0.3919,0.36003,0.38842,2.5036,10.183,4.4744,3.2762,0.42689
0.67703,1.148,0.81821,1.4768,1.2472,0.95849,1.277,2.1166,0.44323,0.41433,0.50235,2.5229,10.232,5.2225,3.4789,0.31723
1.1783,0.76489,0.62171,1.3317,1.025,1.022,1.9397,1.9051,0.39714,0.3745,0.51065,3.2222,12.343,3.3155,3.2752,0.58969
0.87213,1.4129,1.774,2.7959,1.9943,1.3524,1.4495,3.495,1.1418,0.97237,1.0253,2.8046,22.637,8.7839,6.1677,0.53385
1.157,1.4213,1.2922,1.8572,1.3114,1.4734,2.3707,1.6688,0.87817,0.73729,1.1196,2.1036,15.598,6.4518,5.0447,0.78438
1.0719,1.0788,1.2091,1.7934,1.3797,0.873,1.2442,1.7677,0.90209,0.77167,0.85113,1.6703,11.778,7.0972,5.883,0.76501
0.62947,0.85546,1.0434,1.4444,1.1442,0.57398,0.73692,1.3389,0.78416,0.66949,0.62805,0.98424,8.3908,5.791,4.3925,0.43624
0.96845,1.1791,1.8892,2.5622,2.2428,1.2782,1.2754,2.6322,1.2787,1.1362,0.9665,2.2883,19.812,9.1944,4.6528,0.65115
0.96333,0.88774,0.98987,1.502,1.2034,0.75943,0.94097,1.2907,0.727,0.67317,0.74913,1.3007,10.09,3.2883,1.4483,0.63373
0.53609,0.93442,0.91134,1.3125,0.94962,0.71343,1.1824,1.4067,0.60425,0.54848,0.6548,2.3702,11.562,5.0504,3.5426,0.47799
1.206,1.2324,1.4274,2.1328,1.6726,1.0811,2.9913,1.9689,1.2192,1.1216,1.2781,3.181,15.557,6.2859,4.655,0.73652
1.6212,0.83762,1.0917,1.669,1.4176,1.1311,0.81506,2.3676,0.82958,0.85863,0.6112,3.0608,16.302,4.375,2.9263,0.80627
0.49421,0.97852,1.1133,1.6733,1.2292,0.71988,0.85196,1.7034,0.73558,0.65844,0.62342,1.6917,13.257,6.494,4.2752,0.34783
0.74313,1.7791,1.9394,2.4145,1.6828,0.85625,1.793,2.2157,1.4556,1.2623,1.3566,2.6827,17.446,7.366,3.4026,0.43545
0.60038,0.98817,1.2964,1.6714,1.403,0.90845,1.3007,1.9763,0.88018,0.78377,0.95275,1.5874,11.972,6.7771,4.6759,0.50721
0.86233,1.0058,1.1382,1.9953,1.6147,0.88279,1.3279,2.9914,0.7717,0.74721,0.62682,2.0375,13.109,6.9065,5.5599,0.71571
0.78484,1.0352,1.2085,2.0069,1.7526,1.0596,0.80522,2.0835,0.84461,0.82539,0.78603,1.6379,12.972,7.2247,5.1933,0.65221
1.0225,1.0747,0.98371,1.5277,1.1503,0.7381,1.3458,1.9988,0.78236,0.67279,0.96188,1.823,12.44,6.4584,4.9615,0.6565
0.77103,0.77009,0.84075,1.6082,1.5985,0.79423,0.88856,1.3707,0.55993,0.46901,0.66509,1.8584,10.265,3.7503,2.4023,0.52523
0.43843,0.8762,1.0136,1.5856,1.513,1.1948,1.0403,1.9326,0.66922,0.63637,0.79616,1.7671,12.988,5.5152,2.7525,0.38722
0.90695,1.0896,0.94111,1.6041,1.3313,1.2419,1.646,2.3323,0.62109,0.53208,1.0491,2.2129,11.527,4.8901,4.3444,0.83407
1.1302,1.4386,1.0132,1.7893,1.5102,1.0034,1.6746,1.9167,0.8322,0.70306,1.1779,1.9989,13.141,5.0847,4.0273,0.70822
0.45767,0.68743,0.73109,1.3775,1.1221,0.71856,0.66916,1.3699,0.53489,0.51237,0.62907,1.2174,10.367,4.6316,2.6845,0.32695
0.61063,1.2956,1.1705,1.9662,1.4946,0.98759,1.0457,2.3323,0.63493,0.59677,0.8234,2.1993,15.401,6.7502,4.7424,0.41543
0.90783,0.67695,0.50934,0.99214,0.76048,0.81286,1.5844,1.2309,0.48079,0.42036,0.74096,1.4977,8.3307,2.6318,3.0399,0.69521
0.96054,0.65535,0.53829,0.83646,1.0793,1.0637,0.66939,1.2171,0.37411,0.38937,0.89543,3.0922,1.8875,4.1034,1.4274,0.61104
1.1847,0.77232,0.59528,0.94461,1.0052,0.78899,0.46931,1.2127,0.39473,0.36752,0.67191,2.3405,1.9148,3.7123,1.3719,0.60905
1.4966,0.99397,0.74287,0.99144,1.1324,1.044,0.75276,1.0257,0.39695,0.45828,0.77703,2.8181,2.0602,3.9516,1.5621,0.87969
1.1044,0.72954,0.81676,1.2158,1.2081,0.7667,0.53452,1.2953,0.58553,0.59007,0.66919,2.7668,2.2482,4.2906,1.316,0.50555
0.76777,0.40562,0.64477,0.8182,0.85921,0.42838,0.3772,0.72944,0.48672,0.53596,0.48162,2.5455,1.9495,3.1489,1.1413,0.41324
1.0147,0.72759,1.006,1.3163,1.2634,0.70008,0.52197,0.91321,0.79328,0.86816,0.596,2.6783,2.433,4.6243,1.5021,0.52357
1.3567,0.66693,0.95093,1.3053,1.2676,0.71841,0.62976,0.91797,0.80685,0.87245,0.70054,3.3612,2.4531,4.2327,1.6053,0.60077
0.73925,0.53685,0.82537,1.02,0.89642,0.53708,0.6149,0.72482,0.59732,0.635,0.47492,2.6785,2.4852,4.3967,1.501,0.4137
0.7271,0.4777,0.7967,1.0946,1.0186,0.50732,0.55973,0.98784,0.58971,0.63546,0.60872,3.1971,1.9048,4.595,1.4074,0.43068
1.2287,0.62317,1.0304,1.3212,1.1848,0.91203,0.56082,1.0844,0.80157,0.90076,0.56122,2.9453,2.7513,5.0241,1.5209,0.6722
1.5525,0.64756,0.85916,1.1925,1.221,0.78678,0.78335,0.87105,0.84314,1.16,0.77509,2.84,2.1528,4.231,1.5818,0.83221
0.89574,0.6695,0.88413,1.1757,1.2588,0.75549,0.62937,0.94654,0.66149,0.97769,0.65858,2.5906,2.1032,4.8502,1.6924,0.61748
1.4227,0.6248,0.88753,1.2516,1.3975,0.66628,0.5778,0.97358,0.797,1.2507,0.82729,3.4396,2.6402,4.9445,1.623,0.76992
1.1141,0.78953,1.0585,1.3745,1.2884,0.79955,0.7511,1.0453,0.87773,1.2363,0.69039,3.27,2.582,5.8254,1.9008,0.64816
1.5343,0.80036,0.97505,1.2288,1.3174,0.81704,0.91228,1.0179,0.83523,1.1159,0.86137,3.3119,2.0516,5.0167,1.6814,0.66384
1.057,0.68247,1.02,1.2528,1.2706,0.63026,0.55363,0.8151,0.83846,1.0821,0.59864,2.6093,2.025,5.2332,1.6519,0.54042
1.3827,0.81691,1.1009,1.4562,1.3939,0.7418,0.48415,1.1022,0.77028,0.97796,0.60962,3.2503,2.6017,5.6545,2.1514,0.55146
1.7471,0.7677,0.95215,1.1634,1.122,0.88417,0.67678,0.92461,0.87144,1.0204,0.6691,3.2886,2.462,3.8447,1.5857,0.86691
1.1846,0.70417,0.84899,1.0095,1.0181,0.74853,0.65352,0.916,0.6975,0.71581,0.67051,3.0269,2.1848,3.8569,1.5821,0.56646
1.1048,0.5722,0.88352,1.1659,1.1718,0.6227,0.65434,0.67133,0.77136,0.97521,0.76618,2.984,2.354,4.6934,1.4323,0.6649
1.2434,0.77619,0.84963,1.2161,1.0892,0.56229,0.73332,0.81249,0.75674,0.78372,0.90903,3.0384,2.2849,4.4915,1.6325,0.5639
1.693,0.71167,1.0031,1.1786,1.2726,0.79291,0.70697,0.89319,0.93664,1.1057,0.63609,3.3574,2.4504,4.3087,1.5054,0.85734
0.98142,0.73714,1.037,1.1676,1.011,0.54652,0.49382,0.73114,0.81022,0.78743,0.56315,2.6973,2.3365,5.767,1.6393,0.62052
0.82105,0.51618,0.64292,0.70422,0.69214,0.46311,0.63067,0.5372,0.56828,0.57193,0.71308,2.1467,1.6657,2.8154,0.9469,0.49217
1.63,0.54272,0.98597,1.3069,1.6745,0.81871,0.6,1.0032,0.91,1.0249,0.53,3.1045,2.6833,4.5381,1.4255,0.90914
1.0638,0.71138,0.96756,1.119,1.0561,0.59844,0.5126,1.0981,0.59234,0.65785,0.54737,2.6152,2.2183,4.929,1.7771,0.66209
0.48091,0.45452,0.65952,0.84618,0.83606,0.49432,0.58812,0.67643,0.47361,0.52757,0.55414,1.8796,1.4265,4.0151,1.0357,0.50332
1.3517,0.81514,0.98079,1.1422,1.2868,0.70272,0.76212,0.97115,0.7064,0.80786,0.80054,3.1463,2.0555,4.9089,2.0285,0.76605
1.19,0.6684,0.8355,1.0569,1.1789,0.75987,0.62075,0.89676,0.69787,0.82292,0.57188,2.7589,2.0808,3.5385,1.5133,0.90999
2.2839,1.3703,2.2715,3.087,2.7461,1.2827,2.6473,2.483,1.9836,1.8211,0.92127,8.5706,4.0539,4.9064,6.5076,1.4087
2.3583,1.5443,2.7913,3.623,2.9295,1.5362,3.9186,2.5739,2.6442,2.6036,1.2372,7.2224,4.2472,7.1765,7.2172,1.3615
3.9038,1.7498,4.1145,5.4987,5.5716,2.3203,5.8318,3.409,4.2717,4.2663,1.5013,7.5807,4.8786,8.7135,6.9756,1.893
3.1622,1.3578,3.7145,4.3565,3.7066,1.0408,5.0979,2.1335,4.5442,4.3389,1.3875,6.0746,3.7758,6.5814,5.6159,1.5028
2.9801,1.905,3.683,5.2451,5.1358,3.2343,3.1539,2.5717,3.3072,3.5548,1.141,8.5907,5.2797,7.4758,5.2848,1.5051
2.7398,1.3396,1.9442,2.7639,2.9582,1.7659,4.2479,0.97283,3.305,3.7185,1.5287,4.2178,2.0044,4.1927,3.3709,1.3421
3.8653,2.724,4.3541,5.0758,4.3062,1.4456,7.852,3.0068,4.9954,4.9907,2.2101,7.1685,4.0289,9.3535,10.693,1.9455
2.737,2.3271,4.0334,4.4372,3.4124,0.84099,7.6697,1.96,5.0576,4.6965,2.3997,4.7629,3.7329,9.145,7.8799,1.2387
3.06,1.8005,2.762,3.5465,3.5388,1.8906,6.0483,1.7231,3.741,3.7774,2.3869,7.2811,3.262,6.7016,7.5811,1.3465
3.7888,2.3334,3.4866,4.5213,4.1304,1.6445,5.4135,2.3171,4.2688,4.5142,1.8068,6.8148,4.3756,7.5454,7.5613,1.7087
2.6995,1.7242,3.7372,4.4447,3.5016,1.109,5.3959,2.016,4.7166,4.5928,1.576,6.1311,4.0464,6.934,4.8869,1.4323
3.2519,1.8261,2.0051,2.9471,2.9658,1.8248,5.6205,1.9961,3.2429,3.4964,2.942,8.7388,2.4557,6.2244,7.5697,2.2803
3.9963,1.7233,2.7196,3.4937,3.1143,0.91258,6.3154,1.3838,4.6159,4.3479,1.921,7.3877,3.1389,6.1908,6.0653,1.7293
1.7505,1.6383,3.1237,3.6587,3.2185,0.96326,5.1172,2.2856,3.1369,3.2137,1.643,5.3816,3.4737,7.2025,6.9865,1.0626
3.0504,1.6016,3.7193,4.621,3.9854,0.85288,4.6193,1.7271,4.1062,4.0986,1.2743,6.363,4.0386,6.3109,5.7325,1.1244
3.7743,1.239,3.2185,4.3316,3.8991,1.2626,5.0804,2.8773,3.7698,3.8691,1.8526,8.2395,4.2153,6.5892,7.2098,1.2695
4.7912,1.8058,3.3198,4.6997,4.1406,1.2065,5.2404,1.8822,4.5155,4.1847,2.0315,8.19,4.6617,7.6742,6.7656,1.3396
3.3608,1.3403,1.9176,2.5537,2.7078,1.3258,3.4772,1.2651,2.5682,2.7086,1.2516,4.1428,2.9549,4.5732,4.8222,1.3264
5.7417,2.532,3.2785,4.7337,4.6982,1.6384,6.3595,2.9935,5.0509,5.1194,2.955,9.2876,4.0609,7.4737,7.974,1.9519
4.33,1.8748,3.0938,4.1626,4.221,1.8098,4.9604,2.5751,4.6113,4.5381,2.2785,7.4508,3.7684,7.3038,7.9002,1.5402
3.8589,1.5784,3.2907,3.7448,3.3651,1.4457,5.8844,2.4384,4.4234,4.0583,1.9451,7.5766,4.0709,6.2858,7.1978,1.6106
4.8439,1.6967,3.2739,4.6321,4.6688,2.5362,5.1624,2.0417,4.2919,4.79,2.5044,9.7611,4.7647,6.4991,6.259,1.8334
3.8968,2.4138,2.5198,2.8125,3.0459,1.7839,5.8318,1.7928,3.4998,3.2992,4.1246,8.3114,2.759,6.2703,6.9909,1.5206
1.47,1.3648,1.8242,2.2475,2.1554,1.2167,2.412,1.0514,2.1274,2.1231,1.5547,3.819,2.8704,4.5088,3.3515,1.0103
2.542,2.5142,4.5414,5.1657,4.6824,2.0498,6.3055,2.5338,4.8624,4.6449,1.3756,6.279,4.9174,9.7707,9.0824,1.2685
3.7092,1.8475,4.2234,5.6518,5.4118,2.2585,7.3586,2.2211,5.2432,5.6265,1.6916,6.465,4.4672,9.6967,7.7941,1.533
2.5381,2.5282,3.3083,3.4771,3.3923,2.246,7.5521,0.91664,4.3417,4.1788,2.7552,3.4913,2.2706,6.9292,4.7054,1.5455
2.2154,1.7367,2.7195,3.2783,3.0742,1.5547,5.1243,1.3203,3.542,3.53,1.5352,4.2066,3.1447,6.6778,5.5478,1.5405
0.88636,0.88457,1.1017,1.2636,0.94074,0.71603,2.1876,0.73429,1.1832,0.98804,0.98516,2.9122,0.97133,1.9806,2.5202,0.62442
2.4959,2.239,2.5324,2.5367,2.0844,1.2969,5.0132,1.5066,2.6765,2.3376,1.7256,3.5982,2.6681,6.269,6.0024,1.1546
3.2506,1.2752,4.487,5.0273,4.3702,1.8426,4.7293,3.0082,4.0413,4.4626,2.3172,5.4445,11.662,11.192,10.655,1.9918
4.058,1.8005,6.1728,7.4536,6.4343,2.0597,4.4989,3.5232,5.2887,5.5962,1.6737,7.1024,18.658,14.136,10.774,2.6449
3.8295,2.3189,5.7855,6.2596,5.1932,2.528,5.4549,2.6341,4.7132,5.0771,1.7732,6.2464,15.44,13.898,13.308,2.423
3.248,2.0858,7.6915,8.7582,7.1008,2.6132,6.7304,4.4495,6.395,5.9998,2.2601,7.2239,17.815,15.792,11.678,2.1317
3.4907,2.4423,7.557,7.9774,6.6944,2.7991,8.0114,2.9769,6.1521,6.0185,2.9609,8.0372,15.729,13.613,13.798,2.5239
5.5221,2.6022,6.8892,7.5693,6.3426,2.891,7.0406,3.7277,6.0965,6.3454,3.1724,8.1291,15.989,15.414,13.041,3.9327
5.6334,2.3501,8.0732,8.388,6.4824,3.2599,6.7007,3.9287,7.1725,6.2262,3.3121,8.0811,17.399,15.042,14.004,2.6855
4.346,2.4413,5.5564,6.7908,6.9852,3.4454,5.2201,3.8561,5.535,5.9743,2.2971,6.5488,18.266,17.431,10.68,3.4398
4.7058,2.5476,7.1191,8.4231,8.5689,4.1111,6.7976,4.6083,7.0284,7.1453,2.8321,7.5092,20.115,21.095,14.894,3.2721
4.054,2.9587,7.8037,9.2957,7.5003,2.8731,6.4849,4.4795,6.7707,6.5581,2.6069,7.9663,20.97,19.628,15.046,2.4607
5.3141,3.0077,7.2714,8.5451,7.8731,3.3896,7.1456,7.2562,6.8731,7.4453,3.1158,6.3696,21.866,20.624,14.43,4.7897
3.1141,2.9191,8.0984,8.9412,7.8413,4.0461,5.5956,4.7006,6.5617,6.4306,2.1904,9.4937,23.584,22.973,13.808,4.074
5.1217,3.347,9.2707,10.377,8.8012,3.5683,9.5211,6.4241,9.0545,9.3954,3.6385,10.251,26.829,22.233,18.539,3.6231
6.917,3.689,9.8384,10.788,7.7728,2.7577,9.2248,5.6226,9.6714,9.4987,4.7175,11.109,23.875,16.933,17.496,3.8728
4.7711,3.3724,8.8708,10.034,8.8354,3.3345,8.7614,5.3089,9.0262,9.2441,3.8079,9.6562,25.079,22.267,15.995,4.5152
3.5238,3.1342,8.0816,8.4983,6.7028,2.3082,7.0626,4.4624,7.5313,7.2074,2.9735,6.0438,21.416,19.605,15.648,2.7707
5.6398,2.6276,9.055,11.164,9.1972,3.3621,8.9015,4.7817,9.4757,10.106,3.9074,8.9694,22.683,19.474,14.905,3.8966
4.8183,3.2171,7.8083,9.6981,7.1938,1.8738,6.7704,5.4691,7.3762,7.3576,3.5025,8.5058,20.117,17.689,16.478,5.0184
5.6955,3.7452,10.796,11.556,9.9316,3.8455,10.615,7.0097,10.925,10.679,4.4794,9.4951,25.155,23.656,19.302,3.902
4.8173,3.874,10.003,10.476,9.3471,3.629,7.7564,5.8397,8.5734,8.2716,3.8409,10.695,29.104,23.863,18.106,3.9318
3.2328,2.6397,6.3462,7.4464,6.0156,2.7777,4.7119,5.3164,5.3132,5.3139,2.6622,5.879,18.462,15.816,12.155,3.1848
3.2513,2.7267,6.6835,7.2855,6.3603,2.4764,6.1419,4.4631,5.7384,5.9899,2.4931,5.1768,18.267,20.778,13.309,3.8139
4.1357,2.2502,7.1888,8.0648,6.1269,2.3145,6.1264,4.5699,6.1327,6.2708,2.6212,6.5777,16.594,14.884,14.3,4.2985
3.2883,3.5779,8.41,9.5028,7.6541,1.947,7.7207,5.4506,7.0404,7.1337,4.2808,6.8452,19.745,19.992,16.564,2.5634
4.8219,3.2823,8.2839,9.7234,7.7234,2.336,6.8608,5.0428,7.528,8.2663,2.6661,7.2788,20.946,18.537,16.181,4.319
4.3838,2.9819,7.7386,10.326,8.6877,3.3774,7.7227,5.9117,7.4154,8.5282,4.0549,10.004,22.509,19.733,16.928,5.3451
4.8737,3.8707,9.1622,10.426,8.6224,2.7898,8.731,6.5179,8.1409,8.6981,4.4296,9.3025,22.083,22.972,16.951,4.3916
5.7686,3.7224,9.1125,11.059,8.9984,3.0129,9.0931,6.5837,9.057,9.5181,3.7165,10.082,23.608,23.076,19.407,6.5218
4.8239,3.1871,8.8497,9.3536,8.1113,3.0772,7.5375,4.876,8.2211,8.6222,3.5403,8.4527,25.729,20.631,13.078,6.4736
0.33808,0.68952,1.0482,1.2907,1.0703,0.55356,0.7239,0.75816,0.57084,0.4663,0.4157,1.0436,2.9372,4.0126,2.4001,0.39168
0.48554,0.64338,1.0278,1.2111,0.92779,0.57651,0.89972,1.0045,0.67755,0.65106,0.58153,1.4728,3.5835,4.1142,2.4514,0.36006
0.69196,0.81308,1.248,1.4143,1.2033,0.62372,1.1288,0.84435,0.93073,0.91596,0.66693,1.4684,3.8573,4.4314,2.4282,0.66348
0.63238,0.86449,1.3738,1.5783,1.3905,0.74632,1.0822,0.82352,0.91372,0.85128,0.59696,1.3127,4.5867,4.7459,2.6898,0.65037
0.79178,0.67949,1.1955,1.4299,1.392,0.76649,1.2128,0.75489,0.89533,0.73757,0.73423,1.6211,4.5011,4.5486,2.9256,0.62267
0.61005,0.94544,1.3236,1.6545,1.3418,0.80038,1.2909,0.80112,0.96923,0.95799,0.99562,1.0403,3.6889,6.3019,3.2301,0.89093
0.5402,0.85611,1.2354,1.4959,1.0783,0.63811,1.3106,0.78533,0.85857,0.85137,0.86593,1.4338,3.9422,5.2522,2.5809,0.60727
0.5455,0.80538,1.286,1.4137,1.0784,0.42178,1.0611,0.70981,0.85722,0.87227,0.69492,1.0932,3.2762,5.1595,3.1097,0.65961
0.58926,0.75108,0.7988,0.86321,0.73358,0.60175,0.97438,0.48209,0.50664,0.52808,0.68598,1.2587,2.1308,2.7956,2.1804,0.84045
0.58939,0.72759,1.2065,1.3947,1.1216,0.47971,1.2084,0.80349,0.83502,0.76512,0.58612,1.8217,3.8404,4.1546,2.7365,0.61314
0.46481,0.83754,1.4518,1.4718,1.0802,0.57438,0.95341,0.98886,0.90577,0.74194,0.67332,1.3964,4.3078,4.499,2.4392,0.57458
0.53528,0.43925,0.88029,1.1081,0.84181,0.44815,0.70165,0.51344,0.68369,0.61738,0.4445,1.0162,2.462,2.516,1.5061,0.57987
0.63261,0.53632,0.83059,0.9426,0.80674,0.45282,0.62237,0.5479,0.46666,0.44444,0.59665,1.3532,2.3783,1.7994,1.3535,0.57156
0.54177,0.57446,1.0503,1.2612,1.1599,0.57569,0.94273,0.69852,0.65021,0.67539,0.59879,1.0266,2.5659,3.8949,1.8823,0.47688
0.56742,0.58106,0.61369,0.63257,0.64143,0.51928,0.73599,0.56918,0.39889,0.4406,0.50404,0.82948,2.3483,2.9084,1.6877,0.65247
0.43168,0.46291,0.8287,0.89517,0.82734,0.39074,0.62279,0.58884,0.61233,0.5602,0.58847,0.92008,2.3121,2.8044,1.4641,0.49676
0.435,0.33979,0.5778,0.66357,0.50864,0.35413,0.45919,0.32497,0.36243,0.32922,0.35134,0.98411,1.4809,1.3725,0.80612,0.55719
0.47699,0.30309,0.57224,0.70364,0.55674,0.27969,0.47783,0.31388,0.46432,0.41937,0.34358,0.50291,1.6819,1.8127,0.81934,0.47369
0.56387,0.55248,0.69969,0.71767,0.65757,0.55005,0.59265,0.54148,0.38635,0.40376,0.80031,1.0612,1.3968,1.755,1.4025,0.9379
0.43814,0.41638,0.5054,0.67293,0.67035,0.3603,0.44487,0.58336,0.2947,0.287,0.41408,0.99913,1.9697,1.2321,1.1035,0.47301
0.42391,0.46581,0.64933,0.94958,0.65741,0.49045,0.72255,0.42809,0.4131,0.39622,0.56541,0.77829,2.2492,2.2252,0.95941,0.5768
0.53271,0.51671,0.58295,0.51897,0.46391,0.49031,0.77678,0.36087,0.37326,0.3123,0.54005,0.67375,1.3917,2.1466,1.3138,0.7401
0.31377,0.52948,0.67933,0.64821,0.50617,0.32313,0.46387,0.39554,0.33889,0.21433,0.42459,0.60497,1.4557,1.9757,1.7619,0.55702
0.44141,0.3432,0.60818,0.71687,0.63418,0.4764,0.4776,0.58739,0.36987,0.31954,0.49189,1.0172,1.9752,1.0951,0.93843,0.64738
0.42894,0.36505,0.66171,0.70561,0.50395,0.30341,0.49084,0.40377,0.36457,0.24746,0.27107,0.60744,1.683,1.6832,1.0899,0.38667
0.32956,0.32446,0.44173,0.55096,0.45469,0.31382,0.39268,0.3543,0.26282,0.19349,0.40394,0.74907,1.2721,1.1233,0.84266,0.51144
0.36129,0.35884,0.39749,0.57726,0.57013,0.32024,0.39846,0.42137,0.19312,0.19007,0.41544,0.64631,1.2549,1.0466,0.90536,0.37732
0.28382,0.42735,0.57691,0.76462,0.57453,0.37797,0.46485,0.41291,0.2451,0.2202,0.30594,0.58271,1.2579,1.6357,0.93216,0.3825
0.33062,0.4395,0.44414,0.5047,0.41988,0.40522,0.47084,0.33457,0.24715,0.24434,0.49274,0.46676,1.4331,1.3028,0.80339,0.65201
0.41809,0.48117,0.55235,0.56846,0.472,0.42796,0.5785,0.3781,0.22525,0.22041,0.59554,0.66614,1.1249,1.7965,0.98568,0.58494
10.986,3.0301,12.748,14.281,10.807,2.5703,26.132,5.4199,12.372,11.785,3.8332,11.952,13.133,12.353,15.782,0.74597
15.835,1.9602,12.003,14.319,11.022,2.3008,24.73,3.1184,13.791,13.561,4.048,8.9464,10.339,9.1917,12.664,2.168
9.5146,2.1189,9.0246,9.6074,7.5257,1.3454,21.4,2.6868,10.837,10.132,4.1936,5.5765,7.2505,7.7345,9.3791,1.1617
11.111,2.3677,9.692,10.92,9.1207,2.7761,23.45,2.8765,10.441,10.938,3.887,9.5621,9.7745,9.444,10.83,1.2607
11.784,2.1676,9.2807,10.046,8.4263,3.2082,18.991,4.8685,9.3574,9.0349,3.1257,13.698,10.987,8.2414,9.4841,1.2392
11.967,2.6856,10.938,11.795,9.7538,3.2557,25.695,6.2161,11.479,11.126,3.8891,15.38,12.739,10.549,14.549,1.1649
10.808,2.8142,11.482,12.94,10.44,3.8776,29.802,4.9318,11.003,10.527,4.6488,13.462,12.354,11.802,14.815,1.1284
9.063,2.2476,9.0156,9.9047,8.0218,2.2614,21.377,3.5529,8.7652,8.151,3.307,11.123,9.1443,7.9989,10.902,0.99765
9.7222,1.7811,7.3293,8.1345,6.6506,2.2372,19.213,2.8822,7.5738,7.019,3.1261,11.107,8.6948,6.325,9.2966,1.0804
8.5071,2.653,9.685,10.12,8.1616,3.0447,24.494,5.2391,9.1689,8.632,3.9358,13.942,10.052,8.7261,13.532,1.2983
13.535,2.0364,8.3359,8.938,7.371,2.0986,22.294,2.6939,9.185,8.7048,3.4785,11.436,8.857,6.5411,8.3445,1.6771
16.547,2.3213,11.115,12.756,10.275,1.4917,21.946,5.6623,13.354,13.482,4.4731,5.9967,10.983,9.6558,12.664,3.0403
14.002,2.4717,10.49,10.2,8.5278,1.3776,27.735,2.7936,13.175,12.822,5.008,6.5845,8.1072,9.135,11.809,2.4462
12.575,2.5823,10.3,12.006,9.8467,3.2196,26.175,4.4904,11.611,11.518,3.5355,13.14,11.309,9.636,12.575,1.7019
8.3553,2.7239,8.9503,9.7565,7.565,1.9588,23.262,4.5385,9.9445,9.4814,4.0977,11.123,8.1892,9.307,13.533,1.4077
7.3797,2.1537,7.2754,7.9564,6.1937,1.9316,22.819,2.8418,8.6127,8.3113,3.6763,7.1111,5.499,5.9165,9.9359,1.2375
11.387,1.7768,7.6138,8.5855,6.6634,2.3834,19.904,4.793,8.3511,8.1097,2.954,12.995,9.7254,6.0797,10.788,1.3722
10.405,2.4004,10.642,11.354,9.5913,2.9581,27.37,3.7351,11.572,11.502,4.1777,12.739,11.073,9.5764,12.585,1.4309
7.7744,1.9601,7.7493,8.3404,6.6128,3.66,21.404,6.0353,7.5995,7.4165,3.131,11.665,9.678,7.8324,10.697,0.77811
12.691,2.5952,11.372,12.457,10.705,2.5923,29.838,3.5888,12.399,12.076,4.2493,10.234,11.516,11.079,13.359,1.3775
9.7383,3.1803,10.902,11.615,8.8096,2.2972,29.106,4.1018,10.719,10.09,3.9792,10.238,9.8961,10.399,14.869,1.3814
10.57,1.3103,7.5326,8.948,7.4329,1.5791,21.783,3.1933,9.0747,9.1172,2.5122,11.353,7.2302,6.0527,8.3698,1.5375
12.086,2.7738,11.959,12.532,10.437,2.3249,31.252,3.9546,13.401,13.001,4.5049,12.186,10.29,10.154,12.907,1.3637
10.221,2.0835,7.2575,8.1748,6.8045,2.4919,17.893,3.0468,7.3562,7.5929,2.514,9.5757,8.7204,7.2284,7.9374,1.3762
2.2644,4.2749,10.068,9.4165,7.9238,1.773,7.7277,7.0033,7.5953,5.171,3.4216,9.4776,25.808,20.066,36.364,1.3341
2.5294,4.7421,13.46,10.634,9.2361,1.9843,12.197,7.0734,8.3729,5.7814,3.1443,10.175,28.549,20.56,35.041,1.1145
3.0358,3.9934,10.253,9.6167,8.0197,1.6581,13.726,6.9248,8.2819,5.8833,4.344,12.418,27.942,20.295,44.8,1.8527
4.0692,4.6298,10.069,10.993,8.7121,2.1434,11.655,6.8661,8.912,8.4158,2.6258,12.499,31.879,20.921,45.633,2.7167
2.6368,4.9042,10.65,12.645,10.166,2.4274,15.453,7.1647,9.6311,9.5644,3.9057,12.62,31.681,26.411,43.058,1.9564
2.3576,4.9495,8.7948,9.9298,7.0198,1.9343,11.544,8.4378,7.289,6.7491,3.5516,13.05,32.586,24.845,42.499,2.1368
5.5278,3.9223,8.5677,9.7108,8.1613,2.5941,16.193,5.0294,7.7237,8.6889,4.2333,14.695,31.386,19.614,42.839,3.0339
3.4485,3.5038,8.2006,9.0268,7.4791,2.0758,15.478,5.2118,7.5998,7.113,4.1009,12.418,25.615,18.994,41.071,2.6363
3.0302,4.0076,10.079,9.6528,8.1424,1.8531,13.217,5.4363,7.6831,7.5199,3.139,10.729,28.426,19.925,33.904,2.2405
4.5104,3.9675,8.3915,8.8441,7.3713,2.3298,17.772,5.1544,7.8276,7.77,4.235,12.741,24.227,19.338,40.381,3.3447
4.0154,4.3974,10.849,11.696,9.4118,2.3445,13.975,6.4804,9.9618,9.3854,3.9779,12.739,31.425,24.065,41.879,1.947
2.7795,3.7245,10.225,10.658,9.0706,1.7107,18.461,4.5187,9.6604,9.07,4.8633,10.271,28.908,23.51,40.047,1.6401
4.6282,3.3244,9.4447,10.938,9.4992,2.5905,16.49,7.1779,8.9886,8.8184,4.0346,15.661,31.132,20.817,46.887,3.0611
3.5852,4.1523,9.3131,10.4,8.1873,2.0373,14.476,6.8428,8.2733,8.0173,3.6468,12.318,28.946,22.654,48.296,3.2575
2.995,4.1729,10.63,11.405,9.8274,2.18,14.044,7.082,8.5682,8.9839,3.0129,13.661,30.892,21.284,40.05,1.6162
2.7871,2.9839,8.7749,9.7438,9.57,2.3015,15.768,4.6335,8.8853,8.9763,3.4779,10.889,24.699,18.305,34.089,1.5652
2.3456,4.6931,12.297,13.602,11.725,2.5724,22.457,6.7904,11.139,10.674,4.9878,14.586,29.704,28.624,55.844,2.5254
3.1805,3.7904,9.9722,10.675,9.1101,2.0053,15.618,6.251,9.5153,8.3896,4.456,10.688,25.003,21.972,43.824,2.1651
3.5262,4.2074,11.196,11.803,11.076,2.1296,20.156,5.5448,11.712,10.906,5.2228,13.277,28.895,26.646,47.535,2.4295
2.829,4.9906,13.588,14.547,12.358,2.0363,16.319,7.3352,12.913,11.935,4.5133,11.864,31.919,28.027,47.347,1.5926
3.4931,3.3342,9.1597,10.074,9.1421,1.9559,17.43,5.3688,9.4212,9.2756,4.5251,14.54,29.039,18.842,37.518,2.1399
4.7927,2.935,7.025,8.2104,7.6481,2.3218,15.289,4.4737,6.6984,7.2685,2.9643,13.639,26.132,19.195,40.657,2.9083
3.6798,3.1991,11.587,13.964,12.153,2.5555,13.112,7.0955,11.123,11.585,3.6312,13.757,32.208,23.837,40.366,1.6814
4.148,3.3726,9.4023,11.148,9.9051,2.5226,17.999,5.319,9.8153,10.114,4.953,14.649,30.757,26.585,42.435,2.738
3.5546,3.585,9.0306,10.636,8.8931,2.249,14.801,5.7133,8.6811,9.0575,4.2843,15.421,33.04,21.003,36.263,1.9272
1.8666,3.2627,8.6369,9.8943,8.839,1.8328,16.628,5.284,8.6577,8.3156,3.2901,13.465,27.09,20.922,40.028,1.6791
4.7804,3.9551,8.0705,9.6039,8.1691,1.8829,16.495,5.2331,8.1488,8.1343,4.4695,12.149,23.383,20.874,40.971,3.3114
0.31158,0.69447,1.1413,1.5724,1.265,0.63386,0.53967,1.7634,0.91893,0.96441,0.476,2.8041,4.6855,8.1047,2.447,0.64532
0.46615,0.75415,1.3644,2.0558,1.7859,0.65178,0.50147,2.0326,1.2027,1.3412,0.54673,3.382,5.7357,9.8174,2.9417,0.54569
0.58103,0.9439,1.1841,1.6627,1.3767,0.56381,0.49551,1.78,0.93905,0.99901,0.61442,2.6538,5.1825,8.2563,3.1654,0.83269
0.60389,0.84057,1.4673,2.148,1.8815,0.75473,0.64309,2.0905,1.155,1.2713,0.62281,3.5906,6.7876,10.455,3.3525,0.8131
0.44511,0.78585,1.6069,2.5063,2.0144,0.93809,0.67978,2.2312,1.3276,1.4373,0.46163,4.1305,7.0689,11.042,3.7801,0.69187
0.43462,0.96454,2.0971,2.7861,2.3651,0.79554,0.70789,2.5805,1.7,1.7729,0.69141,3.9143,7.375,11.962,4.1646,0.73677
0.40335,0.9568,1.729,2.3293,2.0105,0.77048,0.75232,2.046,1.5335,1.5991,0.81882,3.6467,6.2913,11.643,3.8523,0.65364
0.5386,0.94984,1.8534,2.2879,1.9011,0.82027,0.59921,1.9333,1.3869,1.4225,0.74303,4.3677,6.8721,9.8053,3.7151,0.73055
0.28284,1.0369,2.0104,2.7633,2.2527,0.83025,0.61323,2.2459,1.7074,1.7598,0.85214,4.4473,6.8451,12.06,3.871,0.57223
0.38055,0.69955,1.5193,2.1922,1.9326,0.72622,0.68499,1.6938,1.3558,1.4548,0.68042,4.4028,6.1449,9.4397,3.834,0.8062
0.42576,0.74468,1.8564,2.8604,2.5059,0.87907,0.70973,2.4716,1.6066,1.727,1.0419,4.6129,7.1065,11.17,4.0807,0.83741
0.43623,0.66327,1.2354,1.474,1.3542,0.65419,0.61876,1.3575,0.92348,0.97648,0.68939,3.6993,4.5023,6.9089,2.792,0.66091
0.3668,0.78246,1.2151,1.7437,1.3155,0.51174,0.76438,1.8508,0.86967,1.0311,0.5604,3.7413,5.3543,7.4266,3.0664,0.86043
0.56074,0.62104,1.2615,1.835,1.6282,0.79596,0.68579,1.9098,0.8179,1.0141,1.062,4.7571,4.5041,6.2342,3.4098,0.70533
0.38086,0.40856,0.74819,1.3675,1.2228,0.56187,0.56705,1.2397,0.64336,0.77084,0.6311,3.5143,2.9469,4.1437,1.9655,0.5802
0.3913,0.35271,1.2168,1.5909,1.3808,0.41384,0.48693,1.2835,0.7741,0.9075,0.53823,2.8673,3.3704,5.0789,1.6842,0.51284
0.44578,0.50284,1.1408,2.0237,1.7289,0.75484,0.78661,1.8041,0.95823,1.14,1.1344,5.0598,4.5438,7.2445,3.3414,0.54355
0.49211,0.89419,1.7122,2.2594,2.1056,0.68371,0.58788,2.15,1.2603,1.4163,0.62049,3.8474,6.1431,10.368,3.5309,0.83325
0.34525,0.50203,0.73325,1.2285,1.0255,0.48717,0.45745,1.3595,0.56623,0.6908,0.63576,2.9733,3.0922,4.5725,1.8595,0.50051
0.51586,0.44384,0.86577,1.1611,1.1191,0.48748,0.42715,0.85095,0.61612,0.71002,0.76738,3.0303,2.949,3.8594,1.7535,0.66418
0.24797,0.53261,0.8558,1.2269,1.0359,0.35858,0.40977,1.033,0.68327,0.70144,0.72055,2.6336,2.941,5.0836,1.8554,0.54733
0.49165,0.73483,1.4171,2.1741,1.7739,0.87865,0.70684,1.6242,1.1999,1.1933,1.0401,5.6674,6.1768,8.0083,3.3105,0.68469
0.25617,0.56233,0.84,1.0257,0.84836,0.38665,0.47058,0.7592,0.60089,0.5872,0.52222,2.1491,2.7002,4.2374,1.6568,0.6506
0.71648,0.45572,0.76212,1.2555,1.3683,0.60105,0.57127,1.1292,0.66367,0.8152,0.88803,3.8238,3.345,4.8378,1.923,1.108
0.36313,0.52979,1.551,2.2609,1.9785,0.69414,0.4893,1.9896,1.0803,1.2093,0.81099,4.3207,5.7601,7.9201,2.9833,0.50132
0.41151,0.71932,1.2173,1.5956,1.3729,0.67163,0.75227,1.6104,0.74905,0.83549,0.65707,3.8713,4.2278,8.0468,3.5304,0.65982
0.41468,0.5067,0.85736,1.3894,1.1995,0.51881,0.37594,0.98034,0.66982,0.69729,0.71494,3.2093,3.0774,3.7215,1.401,0.72714
0.31209,0.32601,0.53384,0.79742,0.68788,0.30082,0.40462,0.85382,0.42815,0.43075,0.65551,1.9374,2.0818,3.1149,1.0695,0.65007
0.2955,0.5251,0.86694,1.2539,1.1143,0.57989,0.31909,1.1688,0.52568,0.5619,0.73542,2.8832,3.4218,4.2332,1.3413,0.58169
0.3398,0.39112,0.54451,0.78378,0.72549,0.42408,0.35543,0.74168,0.3898,0.40478,0.52672,2.1888,2.0251,2.495,1.1425,0.62744
0.8618,0.54474,0.77519,0.9505,0.89708,0.29343,0.60515,0.94947,0.28708,0.41567,0.45327,0.845,2.0861,2.0967,0.80469,0.41963
0.53988,0.74576,0.88717,0.90083,0.74096,0.32557,1.1317,0.78075,0.36964,0.40089,0.87016,0.77652,1.3904,1.5748,0.57965,0.28099
0.45335,0.47167,0.52756,0.76416,0.72248,0.59551,0.62731,0.81766,0.23058,0.34783,0.44101,0.87866,1.1908,1.5553,0.72985,0.3892
0.74685,0.5498,0.74466,1.0634,1.1422,0.73587,1.1299,1.063,0.47087,0.44655,0.81279,1.6513,1.9262,2.3861,1.1185,0.45502
0.73551,0.51554,0.84563,0.91797,0.84794,0.59246,0.81934,0.79131,0.36146,0.36465,0.45258,1.3605,2.0391,1.5479,0.80558,0.45467
0.36952,0.54556,0.63364,0.65215,0.43556,0.44771,0.55682,0.6187,0.20105,0.25591,0.2577,0.67621,0.81795,1.3589,0.78969,0.30845
0.60525,0.84739,1.0676,1.0806,0.92106,0.60049,0.88174,1.1739,0.25857,0.27505,0.47993,1.1164,1.1084,2.3894,1.2248,0.38583
0.51927,0.35847,0.44982,0.5112,0.43365,0.31837,0.45072,0.49552,0.21451,0.23491,0.30611,0.51956,0.70716,0.94756,0.68791,0.28488
0.2429,0.39255,0.35358,0.40648,0.37239,0.30873,0.3568,0.34558,0.16998,0.19924,0.26265,0.3505,0.72988,0.89719,0.41853,0.18825
0.33066,0.48525,0.52312,0.6737,0.53093,0.31513,0.74035,0.69383,0.22194,0.25862,0.55973,1.1664,1.5759,1.3883,0.69198,0.30808
0.50219,0.45106,0.40998,0.53796,0.57022,0.48868,0.52408,0.43524,0.11148,0.15198,0.45054,0.71058,1.0584,1.0146,0.55067,0.30228
0.1427,0.16035,0.21568,0.27709,0.23247,0.20203,0.24504,0.30845,0.059357,0.079735,0.22858,0.61623,0.59411,0.52455,0.36475,0.18787
0.50107,0.82287,0.92636,0.9628,0.778,0.57099,1.2712,0.7147,0.21643,0.19411,0.7351,0.92634,1.5888,2.5133,1.1353,0.40364
0.52875,0.41944,0.55712,0.78849,0.82884,0.60152,0.49947,0.77142,0.11624,0.15614,0.45489,1.2325,2.0485,1.4982,0.90244,0.42339
0.62482,0.70154,1.1033,1.3062,1.0477,0.5771,1.2072,0.92403,0.27261,0.3014,0.75672,1.0891,2.9159,3.1035,0.9911,0.50492
0.60479,0.38205,0.58137,0.80341,0.61659,0.42281,0.67051,0.72893,0.1303,0.1751,0.37615,1.0984,1.6327,1.6861,1.0013,0.38377
0.19825,0.29603,0.4588,0.45193,0.33738,0.25122,0.41295,0.45152,0.083595,0.12233,0.40259,0.51633,0.72408,0.78232,0.46248,0.21133
0.74027,0.76318,0.97929,0.98265,0.7748,0.50383,0.58297,1.0546,0.19444,0.31048,0.40175,1.1152,1.6541,2.6747,1.5167,0.68347
0.49637,0.57104,0.58061,0.83868,0.66733,0.44784,0.38836,0.82908,0.15294,0.21497,0.56441,1.3196,1.2674,1.5937,1.1814,0.52259
0.16906,0.20819,0.25789,0.37419,0.32437,0.23014,0.18563,0.45789,0.059917,0.096197,0.22723,0.43696,0.57849,0.66477,0.40315,0.21105
0.41687,0.46301,0.79405,0.85693,0.64451,0.36514,0.78687,0.74404,0.16939,0.25504,0.33511,1.0546,1.5943,1.5402,0.62728,0.3492
0.2131,0.30547,0.3721,0.64424,0.45557,0.27632,0.20897,0.53,0.092604,0.12078,0.4413,0.7802,0.98254,0.95748,0.46143,0.24751
0.60261,0.76718,0.56392,0.65981,0.70907,0.64462,0.78973,0.64325,0.23639,0.16225,0.72654,1.3852,1.2347,1.7864,1.0819,0.44374
0.35949,0.36227,0.62637,0.68937,0.58256,0.34768,0.37286,0.61226,0.093379,0.16597,0.4097,0.8404,1.0504,1.0431,0.5289,0.30086
0.58056,0.74385,0.76005,0.88401,0.76648,0.52151,0.87664,0.63446,0.16352,0.25369,0.48912,1.1558,1.3743,1.3437,0.87004,0.45944
0.23765,0.35874,0.3284,0.43363,0.37182,0.33418,0.36578,0.54558,0.11215,0.2465,0.34512,0.74955,0.7898,0.74584,0.40925,0.29487
0.53112,0.59718,0.76538,0.94195,0.89919,0.58109,0.40021,0.81475,0.10784,0.3857,0.53242,1.4257,1.9023,1.442,0.63453,0.43001
0.42405,0.45112,0.65361,0.91916,0.76009,0.57661,0.56607,0.78695,0.13305,0.24132,0.34759,1.3439,1.3561,1.7298,0.86053,0.37008
0.16203,0.22676,0.21523,0.33612,0.19305,0.19205,0.3215,0.33991,0.072357,0.16847,0.24679,0.44963,0.60735,0.61241,0.31249,0.10695
0.60811,0.44383,0.47753,0.76933,0.65426,0.46179,0.45057,0.83422,0.17199,0.30873,0.57193,1.2192,1.5189,1.7211,1.0297,0.49646
0.78349,0.67907,0.45296,5.5806,0.39338,1.0776,0.59483,0.45791,0.88005,1.1538,0.73784,3.7047,3.3171,1.0545,0.64314,0.48656
1.6293,1.4683,1.2229,12.038,0.81546,2.4188,1.3718,0.85469,1.9494,2.2928,1.5863,6.8169,7.3804,1.9813,2.221,1.32
1.2699,1.2403,0.97564,1.1972,1.075,1.1314,0.80433,0.77498,1.1874,1.0608,0.7419,3.0439,5.8899,1.9196,1.1473,1.31
1.0576,0.94059,1.0806,1.2646,1.2717,0.94139,0.64619,0.97321,1.1887,1.1942,0.48036,2.0552,5.2782,2.9254,1.3107,1.3371
0.70493,1.2026,1.0244,1.2685,1.1733,0.83941,0.86276,1.0185,0.90659,0.95851,1.0371,2.1799,5.9069,3.2954,1.4351,1.0366
0.44837,0.67938,1.2907,1.5267,1.2968,0.89664,0.76989,1.171,1.1479,1.119,0.5374,2.1024,5.6932,2.9656,1.3271,0.81362
1.2511,1.9482,1.5917,1.7366,1.4103,1.2,0.98202,1.2271,1.4316,1.3971,0.84152,1.9267,5.7052,3.1991,1.6566,1.04
0.69346,1.2098,0.98359,1.2014,1.0522,0.92551,0.64137,0.89924,1.0721,0.99498,0.71396,1.7744,3.6685,1.7206,0.99653,0.66439
0.55802,0.91117,0.80731,1.0107,0.73957,0.80756,0.70047,0.94432,1.4927,0.84884,0.69404,0.76712,2.5745,2.0409,1.0082,0.64255
0.60363,0.55913,0.79843,1.1538,0.86263,0.75033,0.75095,0.73591,1.8323,1.1325,1.1232,1.205,3.0649,1.8452,0.65233,0.75412
0.72243,0.48673,0.90785,1.3261,1.1098,0.59046,0.57109,0.67407,1.9359,1.0835,0.45531,1.8006,4.5984,2.292,0.88283,0.86847
0.57079,0.57132,0.88929,1.2667,0.96981,0.57925,0.8418,0.70936,1.6211,0.88893,0.66073,1.5625,3.9605,2.1488,1.0908,1.0367
0.65018,0.46587,0.66831,1.0165,0.88153,0.59812,0.59203,0.63517,1.5418,0.8799,0.60805,1.2972,3.1561,1.6785,0.88907,0.66655
0.90607,1.2591,0.89178,1.2267,1.1374,0.70978,0.40708,1.0592,0.76835,0.71821,1.148,2.2363,4.6615,1.6831,0.71856,1.1476
0.81933,1.17,0.88451,0.86399,0.67393,0.765,0.63197,0.7799,0.47692,0.39506,0.85944,1.364,3.0228,1.9902,1.0633,0.98812
0.55688,0.46047,0.44408,0.53217,0.46287,0.87615,0.63578,0.43922,0.35965,0.30291,0.46926,0.91761,1.9204,0.54732,0.48168,0.64439
0.69288,0.45589,0.87623,1.1414,1.0627,0.71719,0.47197,0.91266,0.5572,0.56981,0.41482,1.4273,4.4048,1.8009,0.80264,0.78664
0.35296,0.5312,0.58461,0.63864,0.52231,0.47613,0.41892,0.53041,0.33014,0.39642,0.68297,0.5501,1.7246,1.586,0.78768,0.55959
0.38326,0.45352,0.33549,0.42907,0.45025,0.36467,0.2989,0.4989,0.25985,0.30272,0.54031,0.39732,0.88455,0.97069,0.52362,0.60648
0.81078,0.89617,1.1762,1.0422,0.97423,0.53179,0.68624,0.86534,0.86123,0.6212,0.55784,1.1433,3.803,2.0142,0.75126,0.74294
0.39468,0.54833,0.6474,0.94653,0.70636,0.70492,0.32233,0.94138,0.24262,0.3671,0.5474,0.91116,2.4179,1.3798,0.67902,1.2424
0.78966,0.59035,0.55087,0.73872,0.69584,0.80625,0.30321,0.77167,0.20696,0.37307,0.61797,1.2786,2.4148,1.2857,0.74245,0.85869
0.52873,0.55755,0.69231,0.88373,0.74564,0.68549,0.45634,0.5881,0.33142,0.43151,0.5232,1.0046,2.7918,0.89782,0.57074,0.95081
1.1424,0.93638,0.82391,0.96905,1.2772,0.87928,0.81929,0.6765,0.38972,0.78978,1.0292,1.2588,1.8394,1.187,0.65154,1.6045
0.28171,0.44475,0.32938,0.47251,0.45587,0.48645,0.24137,0.48379,0.16475,0.2278,0.41018,0.73857,2.0911,0.89259,0.37028,0.52804
0.59788,0.33736,0.43729,0.51877,0.57284,0.53187,0.38,0.45647,0.26338,0.38887,0.37203,0.88993,1.7549,0.43348,0.33622,0.68634
0.72491,0.60928,0.47001,0.59645,0.66041,0.70712,0.59867,0.52676,0.63782,0.75349,0.68155,1.0391,1.782,0.75003,0.51444,0.68713
0.43726,0.74838,1.7528,2.3454,1.4795,0.7033,0.72572,1.392,0.79889,1.0199,0.46219,0.91963,3.3195,8.5645,2.4434,0.31526
0.67826,0.60037,1.7356,2.1491,1.4913,0.88544,0.79711,1.4765,0.81237,1.015,0.46447,1.472,4.0208,8.3173,2.9366,0.61495
0.97778,0.73967,1.4247,2.2723,1.4761,0.81604,1.2014,1.182,1.1155,1.3609,0.66323,1.3427,3.5322,10.038,3.4658,0.76991
0.62313,0.85862,1.4704,2.4719,1.6371,0.62686,1.1943,1.4656,1.279,1.4914,0.51399,1.6345,3.7613,8.6413,3.2841,0.69887
1.2251,0.61731,1.1581,1.8742,15.452,0.82088,1.5607,1.4018,0.87455,1.2412,0.45825,2.013,4.7157,2.6404,3.2932,0.51116
1.1397,0.76626,1.6963,2.567,13.011,0.7335,1.7574,1.6963,1.4142,1.3732,0.40516,1.8971,6.3423,3.7057,3.9645,0.40874
1.2052,0.44972,2.0196,3.022,2.8596,0.73308,1.8662,1.3926,1.9517,2.2569,0.49923,2.3233,6.9326,2.4772,3.9446,0.28518
0.65812,0.4738,1.2718,1.7544,1.7269,1.1081,2.2612,1.4216,1.18,1.2342,0.74583,2.4876,5.09,1.9114,4.5379,0.35356
1.2748,0.41524,1.7382,3.0845,2.4696,0.98966,1.8115,1.6183,1.6288,1.6247,0.61424,2.703,5.7869,2.5502,4.6891,0.38301
1.111,0.49886,2.0488,3.0882,3.2734,1.3063,2.3433,1.6051,2.4929,2.3217,0.75913,3.0663,8.9753,2.9096,4.1942,0.55939
0.8802,0.59035,1.6856,2.4829,2.4002,1.2266,2.5647,1.4556,1.7213,1.568,0.76671,2.5592,6.3124,2.3794,4.9361,0.35097
1.2215,0.50401,2.103,3.0684,2.4045,0.72612,2.4512,1.1983,2.1728,1.8915,0.70722,2.3456,6.0623,2.7381,4.5336,0.33912
1.8121,0.97125,2.3089,2.8803,2.6514,1.2263,2.3442,1.9084,2.3531,2.4083,0.83816,3.0403,5.8538,4.6942,6.2172,0.61427
1.0015,0.65179,3.5291,2.3787,2.7623,1.9636,2.3092,2.2009,1.8591,1.6077,0.97784,4.2311,7.8034,4.4239,4.5808,0.75735
0.88008,0.57652,1.4519,2.1406,2.1835,0.96422,1.7885,1.8022,1.3817,1.4787,0.60834,2.4263,5.4333,3.5306,4.1927,0.30748
1.35,0.69068,1.7051,2.7811,2.6503,1.2465,1.7708,1.8382,1.8219,1.8447,0.64029,2.706,6.9474,3.7382,4.2719,0.72788
1.7002,0.6418,1.8352,2.7929,2.8378,1.2458,2.3381,1.58,2.1712,2.2351,0.92817,3.1334,6.4632,3.714,4.3417,0.78847
1.262,0.70285,1.6642,2.4254,2.1792,1.0448,1.8673,1.9117,1.9158,1.7261,0.64096,2.6737,5.94,3.7897,4.7982,0.4442
0.79385,0.52329,1.6199,2.7478,2.6861,1.2468,1.2627,2.0322,1.6548,1.6471,0.32877,2.8204,7.3492,3.9802,4.6093,0.44048
1.1827,0.33867,1.5425,2.0769,2.0102,1.0262,2.2208,1.408,1.4287,1.6563,0.95099,1.8516,4.6987,3.3943,3.895,0.49029
1.3945,0.63562,1.9045,2.7271,2.6237,1.1669,2.1026,1.9329,1.5993,1.7082,0.51421,2.6228,6.7238,3.3857,4.9243,0.66988
1.5562,0.81175,2.5017,3.1609,2.589,1.0424,4.1225,1.5466,2.4831,2.7106,1.4125,1.9396,4.7732,4.3102,4.6416,0.70872
0.67924,0.59801,1.5039,2.3289,2.1655,0.83739,1.1318,1.6461,1.0876,1.2544,0.43163,1.7681,5.7763,3.9051,4.0762,0.31773
1.1348,0.607,1.4871,2.4138,2.3402,1.5997,2.2556,2.3307,1.2414,1.4522,0.92597,3.3681,7.315,2.9297,4.0077,0.54545
3.9479,2.1889,3.9197,4.4828,3.8875,1.5438,9.8063,3.2635,3.6851,4.1286,1.3822,2.7866,4.0443,12.243,20.679,0.81447
6.2123,2.6828,4.4349,4.6445,3.7633,2.4739,14.217,3.1449,4.4377,4.5736,1.8914,3.9147,5.2845,9.4475,18.232,1.2982
3.779,2.4903,4.9427,5.6105,4.9693,1.9208,15.612,3.4158,4.5348,4.8286,2.2171,4.0468,5.0989,11.746,20.575,0.97706
4.6474,2.5941,4.1999,4.8827,4.3941,2.1734,13.52,2.7727,3.849,4.2725,1.8463,4.6684,4.96,8.8007,15.605,0.86657
6.1138,2.6114,4.8802,5.5201,4.4229,3.3611,17.961,3.695,5.1626,5.2225,2.4739,3.4767,6.1288,10.584,19.592,1.4216
6.3653,3.2356,5.7444,6.8704,6.4423,2.8118,16.897,4.1543,5.0623,5.2877,2.1692,5.107,5.1286,11.957,26.954,1.6937
4.3715,2.1233,2.8286,3.1232,2.6862,2.035,12.724,2.9108,2.0688,2.1145,1.4202,2.9577,2.1313,8.8558,14.804,1.0552
7.2881,2.3297,3.4451,4.0478,3.8372,4.7336,18.04,3.8016,3.0816,3.1042,2.261,6.0455,4.9724,8.559,17.978,1.2708
4.5466,2.4895,3.9844,4.0716,3.6668,1.9958,13.947,2.9162,3.441,3.5444,1.8406,2.4142,3.7445,9.1824,16.358,1.5271
7.0393,2.689,5.2757,5.8721,5.6676,4.4732,16.767,3.9341,4.5755,4.7247,2.4077,5.2367,6.4846,10.712,20.678,1.728
3.6198,2.3275,4.3187,4.9251,3.872,2.2525,19.119,3.1227,4.0407,4.0228,2.052,3.5311,3.1513,9.833,23.834,1.1568
6.8893,2.5429,4.6976,5.599,5.2408,3.2925,14.063,3.0052,4.5182,4.7478,1.9291,5.029,5.2916,9.1074,20.496,1.858
4.9181,2.0671,3.7127,4.1327,3.575,3.016,17.463,2.3113,4.1151,4.0985,2.1396,4.5242,3.3922,6.5574,14.562,1.1038
10.139,3.2826,5.314,5.9057,4.9876,2.9159,22.526,3.7771,5.6056,5.6896,2.8279,6.2459,4.2041,9.5369,21.159,1.8645
4.6089,1.8298,4.1478,4.761,4.229,2.6154,14.432,2.6321,4.1256,4.3367,1.5774,4.0527,4.6183,8.7519,15.332,1.1986
6.0698,1.7861,3.6364,4.3676,3.9327,2.2557,12.7,3.2431,3.6228,3.862,1.3325,3.0133,4.0827,9.5311,16.299,1.3926
4.1245,2.2132,3.5481,3.7423,3.5143,2.4678,14.683,2.2461,3.7737,3.6825,2.2776,3.8364,2.331,7.7613,17.779,1.1779
2.8705,2.5617,3.5398,3.8544,3.1916,2.0117,12.724,2.718,3.0828,3.0661,1.4665,2.202,3.0019,8.1881,18.723,1.0199
5.8686,2.4861,4.8861,5.7672,5.4338,3.7291,14.063,3.7941,4.2176,4.5006,1.7185,4.6401,6.0452,11.051,21.287,1.9094
4.0833,1.955,3.947,4.5197,4.366,2.9342,14.403,2.239,3.9218,4.0231,1.752,3.968,4.6521,8.3381,16.539,1.4242
4.9129,2.8655,5.456,5.9447,4.6965,2.7443,20.576,2.7994,5.5848,5.4214,2.8962,4.5801,3.0992,8.9996,21.754,1.966
3.2945,2.7742,3.6417,3.543,3.3515,3.059,18.003,2.3472,3.5363,3.3925,2.5509,3.7406,2.9416,9.5046,15.91,1.3077
6.5778,2.6601,4.7073,5.5647,5.0937,3.3301,16.26,3.9931,4.1772,4.3346,1.9948,4.6045,6.281,11.291,26.104,1.2867
4.7051,2.9285,5.1829,5.7756,4.7137,2.6684,16.285,3.7223,4.4651,4.5571,2.0941,3.7737,4.4987,9.7054,20.313,1.2508
9.2755,3.1563,6.4761,7.3166,5.8039,3.9413,19.37,3.9144,5.9437,6.1148,2.4406,5.1853,4.8876,11.566,28.046,1.4251
4.6002,3.9263,5.2942,5.125,3.6998,2.9125,24.164,3.5716,4.4429,3.8831,3.5085,3.3099,2.3592,11.185,28.861,1.3314
5.3174,2.1618,3.5439,3.3784,2.5184,2.4145,16.136,1.9493,3.2489,2.9057,2.6396,4.3804,2.6677,4.5269,14.892,1.1883
4.7059,2.354,4.9289,5.2843,5.1964,3.3208,16.781,4.0612,5.0738,4.7647,3.2666,4.4482,5.1188,9.8514,19.618,1.4208
8.1137,2.7491,5.9568,6.8609,5.7085,3.5889,20.841,3.6563,5.2639,5.658,2.7665,5.2756,4.9385,9.2799,23.397,1.8922
2.9308,0.86434,1.2598,1.3321,1.443,1.1163,4.7101,1.3158,1.1408,1.0851,0.916,1.5772,0.71965,2.5463,5.3773,0.84592
